time ms,free,max,total
20,57497928,954466304,64356352
1021,76485064,954466304,81199104
2021,59700696,954466304,113770496
3021,139102808,954466304,181141504
4021,146318928,954466304,173473792
5021,129638392,954466304,167837696
6022,108965328,954466304,164298752
7022,79656232,954466304,157351936
8022,49807080,954466304,154337280
9022,112508064,954466304,145162240
10022,64496632,954466304,139264000
11022,102673144,954466304,131465216
12022,46897072,954466304,129368064
13093,58796248,954466304,122486784
14093,66030728,954466304,116326400
15093,66878752,954466304,110690304
16099,54244888,954466304,105578496
17102,84305880,954466304,98107392
18112,52654544,954466304,94240768
19112,58446944,954466304,89587712
20141,79483440,954466304,83558400
21141,54151552,954466304,79429632
22141,57735168,954466304,75169792
23141,61150624,954466304,71041024
24142,44223232,954466304,67305472
25142,47205696,954466304,63569920
26142,58320856,954466304,59965440
27142,54382896,954466304,57147392
28142,48397824,954466304,54853632
29142,51060552,954466304,56950784
30142,47546472,954466304,54722560
31142,45370128,954466304,54722560
32142,49497416,954466304,52756480
33142,46731528,954466304,51576832
34142,44975904,954466304,60096512
35142,48758336,954466304,57278464
36142,52887008,954466304,54722560
37142,46859696,954466304,52887552
38142,48092760,954466304,51576832
39142,47713504,954466304,50266112
40142,43863000,954466304,50200576
41143,46133952,954466304,50200576
42143,48404864,954466304,50200576
43143,49731632,954466304,51249152
44143,60969592,954466304,71761920
45143,52611840,954466304,68157440
46143,53064424,954466304,69271552
47143,55094160,954466304,70713344
48143,56393688,954466304,66650112
49143,55067872,954466304,63045632
50143,46799928,954466304,59965440
51143,54148864,954466304,56885248
52143,45523848,954466304,54722560
53143,47888864,954466304,52756480
54143,47984664,954466304,51576832
55143,48188144,954466304,50200576
56143,56000328,954466304,64487424
57143,45701520,954466304,61341696
58143,46241288,954466304,58458112
59144,46184504,954466304,55902208
60144,46091816,954466304,53805056
61144,50833056,954466304,52166656
62144,45334664,954466304,50855936
63144,44261048,954466304,50266112
64144,49524376,954466304,52363264
65144,46550640,954466304,51052544
66144,46788544,954466304,50200576
67144,48583208,954466304,51314688
68144,48191536,954466304,50200576
69144,48576280,954466304,50397184
70144,44592000,954466304,50266112
71144,46316648,954466304,50266112
72144,47825984,954466304,50266112
73144,49119648,954466304,50266112
74144,45565648,954466304,51052544
75144,45605104,954466304,50200576
76145,49180120,954466304,51249152
77145,44222176,954466304,51314688
78145,48084616,954466304,50200576
79145,47880648,954466304,52363264
80145,44952472,954466304,51052544
81145,46040584,954466304,50987008
82145,52815120,954466304,64487424
83145,44854744,954466304,70778880
84145,46444208,954466304,66715648
85145,44126304,954466304,62980096
86145,50920832,954466304,59637760
87145,55174872,954466304,56688640
88145,53294424,954466304,54525952
89145,51496152,954466304,52690944
90145,48241752,954466304,51380224
91145,48946672,954466304,50200576
92145,45061200,954466304,50266112
93145,45297544,954466304,52166656
94146,44134560,954466304,50724864
95146,47439904,954466304,50200576
96146,44390128,954466304,50921472
97146,43952352,954466304,50266112
98146,45566488,954466304,50266112
99146,49247056,954466304,51314688
100146,47720672,954466304,50266112
101146,43886536,954466304,50200576
102146,45394848,954466304,50200576
103146,46792472,954466304,50200576
104146,49236512,954466304,51314688
105146,47556432,954466304,51511296
106146,46020720,954466304,67371008
107146,57432776,954466304,74448896
108146,52393472,954466304,70189056
109146,51058976,954466304,66256896
110146,46699656,954466304,62783488
111147,50762976,954466304,59375616
112147,53940216,954466304,56623104
113147,50246152,954466304,54329344
114147,46410832,954466304,52559872
115147,48538440,954466304,51249152
116147,47222976,954466304,50200576
117147,47749496,954466304,50331648
118147,49054304,954466304,50200576
119147,47770568,954466304,52494336
120147,48743000,954466304,51183616
121147,50708520,954466304,53936128
122147,49762920,954466304,52297728
123147,46615608,954466304,50987008
124147,47115328,954466304,50200576
125147,49824656,954466304,51249152
126147,47978024,954466304,50200576
127147,48464432,954466304,50397184
128147,44597648,954466304,50266112
129148,49064744,954466304,51249152
130148,46321576,954466304,50266112
131148,46155672,954466304,50659328
132148,48516192,954466304,50200576
133148,44316960,954466304,50200576
134148,50108256,954466304,52166656
135148,48977424,954466304,50724864
136148,46967272,954466304,50266112
137148,48472384,954466304,50266112
138148,53460624,954466304,57212928
139148,49264936,954466304,57212928
140148,52891280,954466304,54722560
141148,46565336,954466304,52887552
142148,49624672,954466304,51576832
143148,61466160,954466304,63242240
144148,46086120,954466304,83230720
145148,51139376,954466304,78381056
146149,64418096,954466304,73465856
147149,55601936,954466304,69402624
148149,50420688,954466304,65601536
149149,59803896,954466304,61865984
150149,44624576,954466304,59047936
151149,45918632,954466304,56426496
152149,50133536,954466304,54132736
153150,50720952,954466304,52363264
154150,49265808,954466304,51052544
155150,47979912,954466304,50790400
156150,44491872,954466304,50266112
157150,44973232,954466304,64421888
158150,64365376,954466304,69926912
159150,61141768,954466304,65994752
160150,55878096,954466304,62586880
161150,44722720,954466304,59637760
162150,55697960,954466304,73138176
163152,74994384,954466304,82837504
164153,45120504,954466304,79036416
165153,60717480,954466304,73990144
166153,53782664,954466304,69861376
167153,50544600,954466304,65994752
168153,44896864,954466304,62586880
169153,47813320,954466304,59244544
170153,49913136,954466304,56557568
171153,45868040,954466304,54329344
172153,49985640,954466304,52559872
173153,44292400,954466304,51249152
174153,48258768,954466304,50266112
175153,44317080,954466304,50200576
176153,45931504,954466304,50200576
177153,47224584,954466304,50200576
178153,48839032,954466304,50200576
179153,44856704,954466304,50200576
180153,46040664,954466304,50200576
181154,48586904,954466304,51314688
182154,48085680,954466304,50200576
183154,43994248,954466304,50200576
184154,51045296,954466304,52232192
185154,46953400,954466304,50921472
186154,46535160,954466304,50266112
187154,45379248,954466304,52559872
188154,46389696,954466304,51249152
189154,48220360,954466304,54001664
190154,47068384,954466304,52297728
191154,49454856,954466304,50987008
192154,47009368,954466304,50200576
193154,45889440,954466304,50266112
194154,45393336,954466304,50200576
195154,50267128,954466304,54329344
196154,50703128,954466304,56360960
197154,50590408,954466304,62652416
198154,56531456,954466304,59310080
199161,45055776,954466304,59703296
200180,75291824,954466304,76939264
201187,81585704,954466304,83361792
202188,49356264,954466304,91095040
203188,58694960,954466304,86310912
204188,78485176,954466304,80936960
205188,47780544,954466304,77594624
206188,64439944,954466304,72744960
207188,59237392,954466304,68943872
208188,56112992,954466304,65339392
209188,53051248,954466304,61997056
210188,56474152,954466304,58916864
211188,48347216,954466304,59113472
212188,55156896,954466304,56426496
213188,52583344,954466304,58982400
214188,50539456,954466304,67239936
215188,57928320,954466304,63438848
216189,58572208,954466304,60227584
217189,54498848,954466304,60555264
218189,46371408,954466304,57802752
219189,49826560,954466304,55246848
220189,46335024,954466304,53346304
221189,49164920,954466304,51904512
222189,44407536,954466304,55377920
223189,49768272,954466304,53346304
224189,44921520,954466304,51970048
225189,49408232,954466304,50528256
226189,52299568,954466304,53477376
227196,54106952,954466304,57671680
228215,72262152,954466304,83296256
229215,46528256,954466304,79495168
230215,70392480,954466304,74383360
231215,46469800,954466304,70975488
232215,55258528,954466304,66846720
233216,60273152,954466304,63111168
234216,57198496,954466304,60030976
235216,44343792,954466304,57540608
236216,45061792,954466304,55050240
237216,46566656,954466304,53018624
238216,54245512,954466304,56950784
239216,51608000,954466304,57016320
240216,46417704,954466304,54788096
241216,51657392,954466304,52822016
242216,48035304,954466304,51642368
243216,45559336,954466304,54722560
244216,51274176,954466304,52756480
245216,54397864,954466304,56885248
246216,45968888,954466304,57016320
247216,52699656,954466304,54722560
248216,48415944,954466304,52756480
249216,44995944,954466304,51576832
250216,46536736,954466304,50266112
251217,45019216,954466304,51707904
252217,45087752,954466304,50266112
253217,47645432,954466304,53936128
254217,49446736,954466304,52232192
255217,51045304,954466304,52232192
256217,49150472,954466304,50921472
257217,44077728,954466304,52297728
258217,44766848,954466304,50987008
259217,47101728,954466304,55902208
260217,50249352,954466304,53805056
261217,50665856,954466304,52297728
262217,52077496,954466304,56033280
263217,46998488,954466304,54067200
264217,49613344,954466304,52297728
265217,45339880,954466304,51118080
266217,52167848,954466304,53936128
267217,48608048,954466304,52363264
268218,52538984,954466304,54132736
269218,49476528,954466304,52494336
270218,46580360,954466304,51183616
271218,46098904,954466304,50921472
272218,46501696,954466304,55967744
273218,48660160,954466304,58392576
274218,49597240,954466304,58589184
275218,49575144,954466304,55967744
276218,44205632,954466304,54001664
277218,49124872,954466304,58195968
278218,46251312,954466304,55836672
279218,46854480,954466304,53739520
280218,45836528,954466304,52166656
281218,51510744,954466304,55836672
282218,44495952,954466304,53805056
283218,44878984,954466304,52297728
284218,44976600,954466304,50987008
285218,47978016,954466304,50200576
286219,49934432,954466304,56164352
287219,50545960,954466304,56098816
288219,47913136,954466304,54132736
289219,51245456,954466304,56098816
290219,48002368,954466304,54001664
291219,50117208,954466304,52363264
292219,47157648,954466304,58916864
293222,52883968,954466304,56492032
294222,47394248,954466304,54657024
295222,48891504,954466304,61734912
296222,55954856,954466304,58654720
297222,48137832,954466304,56295424
298222,49294712,954466304,54329344
299222,48216480,954466304,52690944
300224,48958032,954466304,54722560
301224,44003656,954466304,52887552
302225,47652000,954466304,52887552
303226,44841552,954466304,57409536
304227,47482536,954466304,55115776
305227,47163200,954466304,53280768
306227,44845536,954466304,52035584
307227,44407040,954466304,53739520
308227,44513728,954466304,52166656
309229,48503520,954466304,50855936
310229,53832568,954466304,55508992
311229,51116760,954466304,53542912
312229,46810512,954466304,52035584
313229,47349984,954466304,50724864
314229,48307776,954466304,53149696
315229,48852672,954466304,51838976
316229,49722520,954466304,53280768
317229,43919080,954466304,51904512
318229,50216208,954466304,51970048
319229,48499568,954466304,51970048
320229,48002064,954466304,50659328
321230,48516176,954466304,50200576
322230,44119976,954466304,50528256
323230,48555400,954466304,53608448
324230,46255240,954466304,52101120
325230,49279256,954466304,50790400
326230,44132288,954466304,53739520
327230,45461024,954466304,52232192
328231,49632368,954466304,50790400
329231,50259840,954466304,51707904
330231,50753440,954466304,52559872
331231,48152528,954466304,51249152
332231,49675344,954466304,54329344
333231,50685424,954466304,54657024
334231,49626384,954466304,60227584
335231,51794016,954466304,57344000
336231,50724424,954466304,54984704
337231,44277776,954466304,53149696
338232,46058520,954466304,51838976
339232,51880200,954466304,53084160
340232,47250048,954466304,53084160
341232,46839488,954466304,51773440
342232,49536576,954466304,55050240
343232,52012776,954466304,53018624
344232,47413992,954466304,53084160
345232,48091656,954466304,51773440
346232,49204544,954466304,51773440
347232,45482544,954466304,51707904
348232,47072680,954466304,51904512
349232,44159488,954466304,52822016
350232,47259776,954466304,51511296
351232,46469712,954466304,51445760
352232,44796752,954466304,51707904
353233,49054344,954466304,50200576
354233,48642440,954466304,51970048
355233,49505224,954466304,50659328
356234,44356120,954466304,52035584
357234,46882752,954466304,50724864
358234,47978040,954466304,50200576
359234,47191456,954466304,51576832
360234,47357744,954466304,51642368
361234,44491848,954466304,50266112
362234,48998928,954466304,50331648
363234,49862224,954466304,51576832
364234,48586920,954466304,51314688
365234,46859648,954466304,50266112
366234,47124208,954466304,50790400
367234,51058168,954466304,52363264
368234,45897784,954466304,51052544
369234,48008272,954466304,53149696
370234,45736896,954466304,51838976
371234,46179072,954466304,51773440
372234,48641384,954466304,51511296
373236,46394368,954466304,53018624
374236,47281528,954466304,51773440
375239,47361048,954466304,53280768
376239,46637432,954466304,53542912
377239,52694784,954466304,57540608
378239,47084832,954466304,55181312
379239,45460608,954466304,53280768
380239,48024896,954466304,53542912
381239,60301888,954466304,65470464
382239,53629752,954466304,68222976
383239,49787344,954466304,64749568
384239,59510296,954466304,61210624
385239,46846400,954466304,58589184
386239,50682192,954466304,55967744
387239,48394512,954466304,54001664
388239,47339672,954466304,52428800
389239,47425264,954466304,51118080
390239,46609256,954466304,50987008
391240,51374952,954466304,53870592
392240,45111088,954466304,54001664
393240,56264472,954466304,58392576
394240,48095624,954466304,56098816
395240,47626856,954466304,54001664
396240,51574664,954466304,55967744
397240,52788448,954466304,56033280
398240,48693816,954466304,53936128
399240,50895232,954466304,65798144
400240,51209320,954466304,62455808
401240,46768136,954466304,59572224
402240,45030416,954466304,56885248
403240,50985392,954466304,54525952
404240,48087464,954466304,52756480
405240,47317152,954466304,51576832
406240,47892792,954466304,56950784
407240,45726592,954466304,60424192
408241,59977320,954466304,66125824
409241,46733208,954466304,63045632
410241,44128616,954466304,59965440
411241,47757368,954466304,57147392
412241,49856800,954466304,54919168
413241,45475800,954466304,53084160
414241,49261856,954466304,51838976
415241,48480832,954466304,51904512
416241,51105248,954466304,53346304
417241,48204984,954466304,53346304
418241,44184792,954466304,55246848
419241,51562008,954466304,53280768
420241,49015080,954466304,51904512
421241,49139288,954466304,53477376
422241,50188080,954466304,52101120
423241,45810032,954466304,52101120
424241,50328328,954466304,55705600
425241,45732176,954466304,53739520
426242,50450392,954466304,52232192
427242,44570432,954466304,62717952
428242,53312120,954466304,63176704
429242,53808888,954466304,60030976
430242,46363368,954466304,57540608
431242,50342144,954466304,55050240
432242,49666392,954466304,54984704
433242,47102944,954466304,53149696
434242,50684536,954466304,51838976
435242,47109576,954466304,51773440
436242,50382384,954466304,55443456
437242,50367576,954466304,53477376
438242,48372624,954466304,53608448
439242,52209920,954466304,53608448
440242,45534256,954466304,52166656
441242,52126832,954466304,58261504
442242,44536392,954466304,62717952
443243,69204480,954466304,75825152
444243,52004024,954466304,72155136
445243,45171616,954466304,68419584
446245,61419912,954466304,64421888
447245,52654152,954466304,61276160
448245,54151736,954466304,58458112
449245,44509272,954466304,56164352
450245,52225144,954466304,54001664
451245,46890200,954466304,54001664
452245,45730624,954466304,52363264
453246,55444280,954466304,58392576
454246,49818608,954466304,66453504
455246,55052336,954466304,62980096
456246,54391584,954466304,59965440
457246,45550832,954466304,57344000
458246,48649384,954466304,54984704
459246,45769576,954466304,53149696
460246,44119928,954466304,51970048
461247,45372584,954466304,60948480
462247,55515752,954466304,57868288
463247,52635296,954466304,55574528
464247,45009096,954466304,53673984
465247,47363640,954466304,52232192
466247,47701128,954466304,50921472
467247,49850640,954466304,52232192
468247,45931112,954466304,51052544
469247,44690328,954466304,55967744
470247,51319888,954466304,53805056
471247,47990544,954466304,52297728
472247,44832808,954466304,51118080
473247,45671424,954466304,54067200
474247,44439496,954466304,52428800
475247,48901072,954466304,52559872
476247,43966656,954466304,51380224
477247,50159616,954466304,56229888
478248,49983536,954466304,54198272
479248,49501208,954466304,52494336
480248,48354560,954466304,51183616
481248,49654696,954466304,52559872
482248,45213168,954466304,51380224
483248,45882752,954466304,50266112
484248,52371456,954466304,54591488
485248,45043384,954466304,57016320
486248,52371416,954466304,54591488
487248,50504832,954466304,52822016
488248,47356000,954466304,52887552
489248,44974056,954466304,54591488
490248,50384256,954466304,52690944
491248,48588688,954466304,51511296
492248,47117896,954466304,51445760
493248,48791056,954466304,52625408
494248,45669624,954466304,54329344
495248,48415808,954466304,52559872
496249,49962880,954466304,52756480
497249,46460376,954466304,54984704
498249,51784848,954466304,54591488
499249,45384448,954466304,57868288
500249,51344480,954466304,55312384
501249,49976592,954466304,53411840
502249,48657264,954466304,59965440
503249,56313008,954466304,64421888
504249,47793416,954466304,61407232
505249,48110408,954466304,58392576
506249,49153328,954466304,55967744
507249,44861504,954466304,53936128
508249,50269160,954466304,52363264
509249,47510440,954466304,51052544
510249,48649808,954466304,55836672
511249,45101880,954466304,53936128
512249,49257464,954466304,52232192
513250,45967088,954466304,52494336
514250,44917232,954466304,51183616
515250,52996568,954466304,54198272
516250,48671432,954466304,56492032
517250,49351976,954466304,54394880
518250,49255720,954466304,52625408
519251,48838560,954466304,51314688
520251,49100768,954466304,52625408
521251,48318912,954466304,51314688
522251,44967680,954466304,54329344
523251,52090472,954466304,54722560
524251,49599240,954466304,52887552
525251,49592144,954466304,56950784
526251,45814968,954466304,54788096
527251,51616368,954466304,52822016
528251,48566104,954466304,51642368
529251,45882960,954466304,50266112
530251,45924888,954466304,50200576
531252,49921640,954466304,52101120
532252,47233800,954466304,50790400
533252,46089608,954466304,51642368
534252,46066248,954466304,51445760
535252,45386848,954466304,50200576
536252,49854032,954466304,51576832
537252,46678360,954466304,50200576
538252,50137944,954466304,51314688
539252,47431680,954466304,50200576
540252,44641680,954466304,53542912
541252,49545032,954466304,52035584
542252,44215288,954466304,52232192
543252,49633152,954466304,50921472
544252,46855808,954466304,50987008
545252,49211912,954466304,50855936
546252,45237136,954466304,50266112
547252,43878440,954466304,50200576
548253,46644456,954466304,50987008
549253,44225488,954466304,52428800
550253,47425304,954466304,51118080
551253,46223552,954466304,51904512
552253,48413840,954466304,52035584
553253,47583488,954466304,50593792
554253,45430400,954466304,52363264
555253,50147144,954466304,53411840
556253,48366600,954466304,54394880
557253,48415784,954466304,52559872
558253,47994688,954466304,51380224
559253,45279120,954466304,50200576
560253,46254864,954466304,52953088
561253,44661648,954466304,51773440
562253,45622736,954466304,50462720
563253,48788760,954466304,50266112
564253,44988976,954466304,50200576
565253,44085840,954466304,50266112
566254,49144472,954466304,50266112
567254,51051248,954466304,54657024
568254,48122864,954466304,52822016
569258,43971512,954466304,51642368
570258,53093296,954466304,54525952
571258,47392080,954466304,52690944
572258,49834440,954466304,51511296
573258,45997880,954466304,55705600
574258,51155816,954466304,62324736
575258,56862096,954466304,59047936
576258,49636808,954466304,56557568
577258,49921384,954466304,54394880
578258,50173064,954466304,52625408
579258,52371416,954466304,54591488
580258,47487768,954466304,52822016
581258,44274952,954466304,51642368
582258,48189000,954466304,51314688
583259,44440400,954466304,51511296
584259,44788264,954466304,51445760
585259,52869448,954466304,54067200
586259,48978488,954466304,54067200
587259,44136008,954466304,52428800
588259,45955000,954466304,51118080
589259,50443832,954466304,52232192
590259,49512208,954466304,51052544
591259,47759432,954466304,52428800
592259,50408904,954466304,59834368
593259,51842376,954466304,57016320
594259,47796592,954466304,54788096
595259,45370952,954466304,52822016
596259,49108568,954466304,51642368
597259,45775272,954466304,50266112
598259,44043872,954466304,51642368
599259,45787040,954466304,54919168
600259,45787952,954466304,53018624
601260,50724936,954466304,53084160
602260,44051696,954466304,51838976
603260,46449672,954466304,50397184
604260,50401576,954466304,53542912
605260,47915024,954466304,52166656
606260,45509352,954466304,50855936
607260,45328304,954466304,51904512
608260,48964392,954466304,50462720
609260,47551384,954466304,51118080
610260,51331736,954466304,52690944
611260,45021432,954466304,51511296
612260,50234952,954466304,51380224
613260,48788744,954466304,50266112
614260,56867984,954466304,58458112
615260,52249304,954466304,59441152
616260,46870664,954466304,56754176
617260,51357056,954466304,54525952
618261,46132200,954466304,52690944
619261,49006360,954466304,51511296
620261,49720264,954466304,52625408
621261,47707088,954466304,52625408
622261,44755408,954466304,51445760
623261,47939600,954466304,54657024
624261,51552160,954466304,52756480
625301,45439248,954466304,58785792
626301,50738648,954466304,57212928
627301,47835840,954466304,54984704
628301,50769600,954466304,53149696
629301,53685992,954466304,57212928
630301,46005112,954466304,54984704
631301,47772216,954466304,53084160
632301,50808592,954466304,53346304
633301,47776016,954466304,51970048
634301,51803112,954466304,53542912
635301,49978184,954466304,52035584
636302,47382496,954466304,54132736
637302,45053704,954466304,52494336
638302,52997840,954466304,54198272
639302,48361688,954466304,54001664
640302,44557520,954466304,52363264
641303,47636720,954466304,51052544
642303,46022016,954466304,52690944
643303,46527296,954466304,51380224
644303,53383184,954466304,54591488
645303,49183608,954466304,54788096
646303,47132040,954466304,52822016
647303,45681824,954466304,51642368
648303,49144400,954466304,50266112
649303,53081152,954466304,55902208
650303,48759416,954466304,54001664
651303,51101336,954466304,52297728
652303,46206048,954466304,51118080
653304,46459736,954466304,53084160
654304,45366568,954466304,51838976
655304,46924800,954466304,50397184
656304,49667064,954466304,51838976
657304,46998128,954466304,50528256
658304,46930888,954466304,50462720
659304,44392848,954466304,51838976
660304,49250736,954466304,52428800
661304,45619232,954466304,51249152
662304,49111952,954466304,52035584
663304,45543728,954466304,50724864
664304,43917104,954466304,52232192
665304,49270888,954466304,50921472
666304,44598792,954466304,50724864
667304,46721656,954466304,52101120
668304,48444344,954466304,50659328
669304,46098048,954466304,52428800
670305,52441440,954466304,55377920
671305,50130088,954466304,53411840
672305,47156512,954466304,52101120
673305,46999824,954466304,53673984
674305,47298024,954466304,52166656
675305,45220680,954466304,50855936
676305,49753344,954466304,51314688
677305,45385088,954466304,50200576
678305,44914016,954466304,50266112
679305,48288176,954466304,51838976
680305,47052360,954466304,51249152
681305,48574984,954466304,51118080
682305,45775824,954466304,54591488
683305,49145368,954466304,52690944
684305,49283400,954466304,51380224
685305,50863240,954466304,52690944
686305,44367064,954466304,51511296
687305,44418216,954466304,50200576
688306,46546704,954466304,51576832
689306,48573112,954466304,52822016
690306,46773712,954466304,51642368
691306,44846600,954466304,52101120
692306,44846496,954466304,50790400
693306,43987696,954466304,50200576
694306,44966320,954466304,50790400
695306,48547280,954466304,51249152
696306,49004008,954466304,50266112
697306,44432360,954466304,51445760
698306,49046112,954466304,50200576
699306,45534944,954466304,52690944
700306,48258680,954466304,52297728
701306,49570072,954466304,50987008
702306,47216360,954466304,50200576
703306,46313312,954466304,50266112
704306,46032648,954466304,50200576
705307,45840072,954466304,54132736
706307,50799960,954466304,54067200
707307,48032776,954466304,52428800
708307,46801704,954466304,53608448
709307,44788576,954466304,52101120
710307,50983456,954466304,55377920
711307,47755920,954466304,53411840
712307,54274336,954466304,56754176
713307,47483152,954466304,54591488
714307,50856688,954466304,52690944
715307,47385376,954466304,51511296
716307,48035424,954466304,50266112
717307,45240944,954466304,52690944
718307,48481320,954466304,52625408
719307,47248992,954466304,51445760
720307,47487768,954466304,52822016
721333,53377712,954466304,54788096
722338,51284616,954466304,65601536
723339,51288576,954466304,73793536
724339,64648552,954466304,74579968
725339,51659808,954466304,80543744
726339,54452344,954466304,76152832
727339,65700384,954466304,71565312
728339,57675000,954466304,67960832
729339,52455304,954466304,64487424
730339,45082496,954466304,61341696
731339,47631072,954466304,58458112
732339,49087656,954466304,55902208
733339,47117560,954466304,54001664
734339,47091792,954466304,55902208
735339,44744608,954466304,54001664
736339,44590360,954466304,52428800
737339,44275368,954466304,51118080
738339,49348944,954466304,52494336
739339,48767464,954466304,52625408
740340,51294816,954466304,52822016
741340,46316808,954466304,51773440
742340,46570336,954466304,64487424
743340,77263768,954466304,85655552
744340,63558136,954466304,82837504
745340,70977520,954466304,77987840
746340,61874392,954466304,73990144
747340,63301016,954466304,69861376
748340,46435600,954466304,66650112
749340,52481416,954466304,62980096
750340,51609672,954466304,59899904
751340,54562656,954466304,57081856
752340,44645296,954466304,55050240
753340,49896048,954466304,54984704
754340,45819440,954466304,53149696
755340,44994648,954466304,53346304
756340,57799688,954466304,60751872
757340,52976248,954466304,58327040
758341,50078664,954466304,56033280
759341,48274904,954466304,54132736
760341,50219128,954466304,52494336
761341,52521368,954466304,54329344
762341,48833024,954466304,52690944
763341,45247352,954466304,56688640
764341,48782496,954466304,54394880
765341,43991872,954466304,52690944
766341,56088224,954466304,62390272
767341,52022104,954466304,59506688
768341,50278200,954466304,56819712
769341,51098704,954466304,54460416
770341,50797720,954466304,52625408
771341,49578160,954466304,62849024
772341,54882824,954466304,59441152
773341,47109464,954466304,56754176
774341,46534352,954466304,54525952
775342,45553328,954466304,52690944
776342,50203440,954466304,51380224
777342,46142720,954466304,51314688
778342,49374776,954466304,56426496
779342,44142064,954466304,54198272
780342,50343152,954466304,54132736
781342,44873064,954466304,62324736
782342,46326328,954466304,59047936
783342,55568552,954466304,58851328
784342,54663472,954466304,56164352
785342,47534752,954466304,54132736
786342,48899984,954466304,52363264
787342,47512016,954466304,51052544
788342,49144472,954466304,50266112
789342,45810984,954466304,51052544
790342,46247808,954466304,50200576
791342,47826904,954466304,51118080
792342,44268376,954466304,50266112
793343,48590304,954466304,51511296
794343,47736328,954466304,57081856
795343,51248040,954466304,54657024
796343,44629448,954466304,52822016
797343,56703128,954466304,62783488
798343,47086872,954466304,59768832
799343,53029688,954466304,59703296
800343,59648344,954466304,69599232
801343,56379856,954466304,65798144
802343,71441976,954466304,74252288
803343,66815528,954466304,76808192
804343,44939832,954466304,73007104
805343,57991096,954466304,68485120
806343,47435720,954466304,64946176
807343,51731472,954466304,61341696
808343,45394064,954466304,58392576
809343,50302056,954466304,55705600
810344,46957896,954466304,53673984
811344,49743192,954466304,52101120
812344,48916656,954466304,50790400
813344,46678280,954466304,50200576
814344,47456208,954466304,51642368
815344,47927784,954466304,50266112
816344,44202400,954466304,51052544
817344,44633400,954466304,50200576
818344,47650688,954466304,50331648
819355,51057112,954466304,55181312
820355,58582696,954466304,64815104
821358,59925392,954466304,70844416
822358,55367280,954466304,67960832
823358,46980488,954466304,64946176
824358,57706752,954466304,61800448
825358,51557928,954466304,59244544
826358,44532792,954466304,57606144
827358,54490000,954466304,57540608
828359,51736040,954466304,64749568
829360,56255584,954466304,61669376
830360,53094576,954466304,58916864
831361,45920696,954466304,56492032
832361,46635704,954466304,54263808
833361,50372704,954466304,52494336
834361,50139216,954466304,51314688
835361,45019416,954466304,52625408
836369,46197448,954466304,51445760
837369,46230944,954466304,51183616
838369,44505296,954466304,50987008
839369,45116752,954466304,52297728
840369,46423768,954466304,52494336
841369,44662624,954466304,51183616
842369,45817200,954466304,50200576
843369,48338520,954466304,51314688
844369,50303536,954466304,54394880
845370,50492888,954466304,52625408
846370,44755416,954466304,51445760
847370,44956136,954466304,50200576
848370,45560000,954466304,50266112
849370,45600360,954466304,50200576
850370,50119464,954466304,52363264
851370,46014160,954466304,51052544
852370,45899768,954466304,52428800
853370,44728024,954466304,51249152
854370,46389912,954466304,51052544
855370,47216328,954466304,50200576
856370,46138928,954466304,52559872
857370,46613864,954466304,52625408
858370,48034848,954466304,51445760
859370,48185096,954466304,50200576
860370,51682352,954466304,53608448
861370,43917432,954466304,52166656
862370,57974560,954466304,59310080
863371,50550560,954466304,69074944
864371,49591208,954466304,65470464
865371,46865080,954466304,62062592
866371,52010968,954466304,58982400
867371,55019000,954466304,56295424
868371,44910120,954466304,54329344
869371,46092912,954466304,52559872
870371,46175544,954466304,51380224
871371,49720224,954466304,52625408
872371,49618176,954466304,51314688
873371,49506936,954466304,51052544
874371,49078928,954466304,50200576
875371,49816800,954466304,50987008
876371,44588720,954466304,52428800
877371,48201056,954466304,51118080
878371,48897664,954466304,55967744
879371,44015056,954466304,54001664
880372,47060192,954466304,52297728
881372,48115816,954466304,50987008
882372,47836968,954466304,58392576
883372,46935672,954466304,55967744
884372,51205704,954466304,53870592
885372,45481368,954466304,52363264
886372,45062368,954466304,52559872
887372,49938864,954466304,56623104
888372,49813832,954466304,54525952
889372,44149760,954466304,52822016
890372,49243720,954466304,51642368
891372,49484984,954466304,52953088
892372,54288616,954466304,55771136
893372,46570496,954466304,54001664
894372,50316296,954466304,52428800
895372,45697584,954466304,51249152
896372,48765072,954466304,57212928
897372,54512832,954466304,57016320
898373,53146752,954466304,54788096
899373,53511632,954466304,54722560
900373,61271856,954466304,63045632
901373,58152128,954466304,63700992
902374,44617408,954466304,66322432
903374,62037760,954466304,67043328
904374,55580136,954466304,63832064
905374,57849544,954466304,60817408
906374,45240296,954466304,58654720
907374,46784152,954466304,56426496
908374,46642408,954466304,54394880
909374,46021936,954466304,52690944
910374,52748400,954466304,54329344
911374,44458400,954466304,52690944
912374,44499336,954466304,51511296
913374,54299784,954466304,59834368
914374,52010848,954466304,65339392
915375,49261336,954466304,61997056
916375,55904320,954466304,58916864
917375,50335320,954466304,56492032
918375,45558192,954466304,54460416
919375,50184864,954466304,52625408
920375,47378712,954466304,51445760
921375,55405648,954466304,56688640
922375,47951472,954466304,67633152
923375,51128120,954466304,78118912
924375,59473632,954466304,74973184
925375,48023816,954466304,71499776
926375,61705568,954466304,67239936
927375,53686712,954466304,63897600
928375,45764248,954466304,61014016
929375,45096568,954466304,58130432
930376,45139528,954466304,55771136
931376,52515544,954466304,53739520
932377,51262480,954466304,55836672
933378,51062592,954466304,78053376
934378,58614488,954466304,78512128
935378,47891040,954466304,74383360
936378,46865120,954466304,70254592
937378,50256576,954466304,66322432
938378,49850168,954466304,62717952
939378,58103008,954466304,59441152
940378,53145848,954466304,56819712
941378,46571104,954466304,54657024
942378,51552136,954466304,52756480
943378,47317288,954466304,51576832
944378,45635984,954466304,51314688
945378,45486224,954466304,52625408
946378,52963816,954466304,54198272
947378,50298640,954466304,56426496
948378,48680336,954466304,54198272
949378,46533864,954466304,52494336
950379,46866728,954466304,56557568
951379,52625264,954466304,56426496
952379,46115048,954466304,56557568
953379,49395352,954466304,54460416
954379,55301736,954466304,67829760
955379,59681808,954466304,77922304
956379,51881680,954466304,81788928
957379,65782200,954466304,77201408
958379,54022032,954466304,73334784
959379,54124648,954466304,69402624
960379,55432800,954466304,65601536
961379,55583232,954466304,62193664
962379,49306104,954466304,59310080
963379,48303768,954466304,56754176
964379,45330760,954466304,54591488
965379,49400480,954466304,54525952
966379,47805344,954466304,52756480
967379,47772520,954466304,52822016
968380,49094128,954466304,51642368
969380,46123960,954466304,50331648
970380,51439008,954466304,56098816
971380,52193440,954466304,54132736
972380,47148056,954466304,52494336
973381,53864848,954466304,56557568
974381,56646760,954466304,67764224
975394,51969912,954466304,64356352
976395,72979200,954466304,77266944
977396,66075048,954466304,73400320
978396,47387464,954466304,70123520
979396,54516216,954466304,66191360
980396,60828848,954466304,62586880
981396,57165448,954466304,60030976
982396,44859336,954466304,57737216
983396,44612512,954466304,55377920
984396,45316464,954466304,53411840
985397,44846864,954466304,52101120
986397,49034768,954466304,50790400
987397,53585592,954466304,65208320
988412,61231912,954466304,66060288
989412,53481080,954466304,63438848
990412,49317816,954466304,69861376
991412,53548848,954466304,77332480
992412,78559032,954466304,80281600
993414,79144232,954466304,87949312
994414,70237048,954466304,84934656
995414,64811624,954466304,81068032
996414,47706808,954466304,77529088
997414,62294120,954466304,72810496
998414,55309488,954466304,68878336
999414,51126656,954466304,65273856
1000414,44854552,954466304,62062592
1001414,46291096,954466304,58851328
1002414,46798856,954466304,56295424
1003415,52285440,954466304,54067200
1004415,46703256,954466304,52428800
1005415,44275448,954466304,51118080
1006415,52888440,954466304,58982400
1007415,53441296,954466304,56557568
1008415,43963552,954466304,54591488
1009415,45222128,954466304,56950784
1010415,52505240,954466304,56950784
1011415,45237072,954466304,54919168
1012415,49998728,954466304,57212928
1013415,47835776,954466304,54984704
1014415,51936176,954466304,53149696
1015415,47919288,954466304,51970048
1016415,44045520,954466304,53805056
1017415,50757344,954466304,58195968
1018415,55303504,954466304,66125824
1019415,52547344,954466304,63045632
1020416,56524808,954466304,60358656
1021416,55113800,954466304,57999360
1022416,56287040,954466304,61734912
1023416,54799472,954466304,58916864
1024416,53576504,954466304,56492032
1025416,51401696,954466304,59375616
1026416,61699536,954466304,63111168
1027416,52431720,954466304,60293120
1028416,51546744,954466304,57737216
1029416,55262456,954466304,57868288
1030416,46645952,954466304,55705600
1031416,48085136,954466304,53739520
1032416,54836568,954466304,58261504
1033416,64331464,954466304,65798144
1034416,54224440,954466304,62849024
1035416,58219312,954466304,59834368
1036416,52557280,954466304,57344000
1037416,47657256,954466304,55050240
1038417,47968904,954466304,53215232
1039417,47038984,954466304,57409536
1040417,52846640,954466304,60424192
1041417,51520280,954466304,57737216
1042417,53226680,954466304,69730304
1043417,48841080,954466304,80805888
1044417,58714184,954466304,77332480
1045417,51775312,954466304,73465856
1046417,56644592,954466304,69533696
1047417,62182160,954466304,65732608
1048417,50271856,954466304,62783488
1049417,51273616,954466304,59768832
1050417,45500072,954466304,57212928
1051417,49221616,954466304,54853632
1052417,53437992,954466304,54853632
1053417,50303544,954466304,60293120
1054417,47859288,954466304,57606144
1055418,46980632,954466304,55377920
1056418,52258664,954466304,53477376
1057418,58563680,954466304,60555264
1058418,47227592,954466304,58130432
1059418,50367576,954466304,55771136
1060418,44088096,954466304,56033280
1061418,49855464,954466304,58654720
1062418,45833168,954466304,56295424
1063418,44497952,954466304,56492032
1064418,45117000,954466304,54460416
1065418,46038624,954466304,52756480
1066418,47216088,954466304,51576832
1067418,56717128,954466304,63242240
1068418,46561248,954466304,60358656
1069418,56174960,954466304,57475072
1070418,53785304,954466304,55246848
1071418,49026784,954466304,57868288
1072419,48869280,954466304,55443456
1073419,53563576,954466304,61145088
1074419,57011184,954466304,58327040
1075419,48294296,954466304,61931520
1076419,44112648,954466304,59113472
1077419,44769648,954466304,56623104
1078419,44605304,954466304,54525952
